Channel,First Touch,Last Touch,Linear,Time Decay,Position-Based,Removal Effect,Markov Attribution
Direct,18.0,121.0,67.23333333333336,70.03360869694971,68.26666666666668,0.3666666666666666,73.84441950027002
Email,34.0,36.0,35.35,35.64831696109342,35.066666666666656,0.19338910164642262,38.94737986025126
Facebook,101.0,24.0,58.250000000000036,56.26216114498357,60.4333333333333,0.2486398028545108,50.07453247214436
Google Ads,57.0,57.0,61.31666666666671,61.25694132516852,59.33333333333334,0.29724957992441037,59.864243662410566
Instagram,89.0,11.0,43.88333333333337,42.021967247936004,47.06666666666665,0.19828623062942433,39.933631624708646
Organic Search,31.0,81.0,63.96666666666673,64.77700462386872,59.833333333333364,0.33434876853023754,67.33579288021512
