,(Start),Direct,Email,Facebook,Google Ads,Instagram,Organic Search,(Conversion),(Null)
(Start),0.0,0.08333333333333333,0.10116666666666667,0.298,0.14983333333333335,0.2535,0.11416666666666667,0.0,0.0
Direct,0.0,0.44200375033485134,0.0,0.0,0.0,0.0,0.0,0.0324136083578891,0.5255826413072596
Email,0.0,0.18377911993097498,0.17946505608283003,0.0,0.0,0.0,0.1742881794650561,0.031061259706643658,0.4314063848144953
Facebook,0.0,0.13734713076199437,0.0,0.1589840075258702,0.13358419567262464,0.0,0.1354656632173095,0.011288805268109126,0.4233301975540922
Google Ads,0.0,0.17415730337078653,0.19325842696629214,0.0,0.17921348314606741,0.0,0.0,0.03202247191011236,0.42134831460674155
Instagram,0.0,0.14742152466367714,0.0,0.0,0.15582959641255606,0.14742152466367714,0.15022421524663676,0.00616591928251121,0.3929372197309417
Organic Search,0.0,0.25699745547073793,0.0,0.0,0.0,0.0,0.26564885496183205,0.04122137404580153,0.4361323155216285
